trial,pair_index,x,w,product,voltage_mean_v,voltage_std_v
0,0,0,0,0,0.000547070968,0.000351077905
0,0,0,0.3,0,0.000665256605,0.000288986883
0,0,0,0.44,0,0.000893006833,0.000250086488
0,0,0,0.58,0,0.000898218068,0.000261603719
0,0,0,0.72,0,0.00104796063,0.00025624323
0,0,0,0.86,0,0.00129764953,0.000288942098
0,0,0,1,0,0.00143082552,0.000255787938
0,0,0.3,0,0,0.000677802168,0.00026767633
0,0,0.3,0.3,0.09,0.00100610992,0.000255531183
0,0,0.3,0.44,0.132,0.0014103666,0.000396224936
0,0,0.3,0.58,0.174,0.0014252926,0.000282221622
0,0,0.3,0.72,0.216,0.00159481856,0.000280572753
0,0,0.3,0.86,0.258,0.00178432093,0.000264958542
0,0,0.3,1,0.3,0.00189214845,0.000244644124
0,0,0.44,0,0,0.000846009221,0.000223275349
0,0,0.44,0.3,0.132,0.00123460002,0.000280923094
0,0,0.44,0.44,0.1936,0.00142522826,0.000257934522
0,0,0.44,0.58,0.2552,0.00167472416,0.000252459384
0,0,0.44,0.72,0.3168,0.00184309208,0.000294881626
0,0,0.44,0.86,0.3784,0.00209467892,0.000320993288
0,0,0.44,1,0.44,0.00200090885,0.000286010163
0,0,0.58,0,0,0.00108505047,0.000312219128
0,0,0.58,0.3,0.174,0.00163380632,0.000262402597
0,0,0.58,0.44,0.2552,0.00189369252,0.000281659972
0,0,0.58,0.58,0.3364,0.00201580269,0.000310301163
0,0,0.58,0.72,0.4176,0.00214000379,0.000269836625
0,0,0.58,0.86,0.4988,0.00249353141,0.000279123821
0,0,0.58,1,0.58,0.00246535213,0.000236122851
0,0,0.72,0,0,0.00117605406,0.000326995924
0,0,0.72,0.3,0.216,0.00173336663,0.000274736534
0,0,0.72,0.44,0.3168,0.00194924686,0.000367275235
0,0,0.72,0.58,0.4176,0.00202635384,0.000292824814
0,0,0.72,0.72,0.5184,0.00234115103,0.000285175346
0,0,0.72,0.86,0.6192,0.0025155344,0.000339922752
0,0,0.72,1,0.72,0.00267045606,0.000314425715
0,0,0.86,0,0,0.00143401016,0.000256225785
0,0,0.86,0.3,0.258,0.00206154575,0.000286656269
0,0,0.86,0.44,0.3784,0.00238419197,0.000275484162
0,0,0.86,0.58,0.4988,0.00251746449,0.000357958289
0,0,0.86,0.72,0.6192,0.00250697768,0.000302526085
0,0,0.86,0.86,0.7396,0.00293227239,0.000285437832
0,0,0.86,1,0.86,0.00290801763,0.000355581684
0,0,1,0,0,0.00169167676,0.000308006995
0,0,1,0.3,0.3,0.00233330201,0.000290891683
0,0,1,0.44,0.44,0.00269088282,0.000319219074
0,0,1,0.58,0.58,0.00270304237,0.000360466094
0,0,1,0.72,0.72,0.00300255973,0.000350626088
0,0,1,0.86,0.86,0.00314705893,0.000306687106
0,0,1,1,1,0.00326151311,0.000309809148
1,0,0,0,0,0.000294261787,0.000247940461
1,0,0,0.3,0,0.000599537153,0.000246375759
1,0,0,0.44,0,0.00088454662,0.000264281226
1,0,0,0.58,0,0.00097776981,0.000290365106
1,0,0,0.72,0,0.00115495177,0.000254479248
1,0,0,0.86,0,0.00129028303,0.000256057529
1,0,0,1,0,0.00137079981,0.000267950804
1,0,0.3,0,0,0.000641709546,0.000228890635
1,0,0.3,0.3,0.09,0.00105593832,0.000315132936
1,0,0.3,0.44,0.132,0.00130974473,0.000250069173
1,0,0.3,0.58,0.174,0.00144912917,0.000253392566
1,0,0.3,0.72,0.216,0.00174758494,0.000270183178
1,0,0.3,0.86,0.258,0.00181089179,0.000255183761
1,0,0.3,1,0.3,0.00181745409,0.00025209266
1,0,0.44,0,0,0.000882745206,0.00026059845
1,0,0.44,0.3,0.132,0.00128780608,0.000235538292
1,0,0.44,0.44,0.1936,0.00149657714,0.000306843475
1,0,0.44,0.58,0.2552,0.00165404006,0.000282781573
1,0,0.44,0.72,0.3168,0.00192074591,0.000278361444
1,0,0.44,0.86,0.3784,0.00206337934,0.000264217084
1,0,0.44,1,0.44,0.00215821095,0.000298189255
1,0,0.58,0,0,0.0011428244,0.00031280685
1,0,0.58,0.3,0.174,0.0015881276,0.000272598731
1,0,0.58,0.44,0.2552,0.00191022694,0.000314226309
1,0,0.58,0.58,0.3364,0.0020380952,0.000227730945
1,0,0.58,0.72,0.4176,0.00226063423,0.00029239899
1,0,0.58,0.86,0.4988,0.00248368796,0.000250720684
1,0,0.58,1,0.58,0.00255355712,0.000357393192
1,0,0.72,0,0,0.00122353419,0.000258367229
1,0,0.72,0.3,0.216,0.00163509304,0.0002454278
1,0,0.72,0.44,0.3168,0.00199650182,0.000257454318
1,0,0.72,0.58,0.4176,0.00211237138,0.000332938886
1,0,0.72,0.72,0.5184,0.00259424979,0.000319685118
1,0,0.72,0.86,0.6192,0.00249903216,0.000314039497
1,0,0.72,1,0.72,0.00257311533,0.000256868711
1,0,0.86,0,0,0.00143600458,0.000311815529
1,0,0.86,0.3,0.258,0.00204185887,0.000333008748
1,0,0.86,0.44,0.3784,0.0023271579,0.000303205211
1,0,0.86,0.58,0.4988,0.00254480739,0.000307549733
1,0,0.86,0.72,0.6192,0.00286147036,0.000305749648
1,0,0.86,0.86,0.7396,0.00304556851,0.000285629112
1,0,0.86,1,0.86,0.00291921214,0.000392119291
1,0,1,0,0,0.00184630889,0.000290637279
1,0,1,0.3,0.3,0.00226211396,0.000293598079
1,0,1,0.44,0.44,0.00269972905,0.000276459488
1,0,1,0.58,0.58,0.00291744288,0.000298976778
1,0,1,0.72,0.72,0.00320502589,0.000346655979
1,0,1,0.86,0.86,0.00323536043,0.00029999815
1,0,1,1,1,0.00343457761,0.000346767747
2,0,0,0,0,0.000285576396,0.000220925875
2,0,0,0.3,0,0.000631158406,0.000257484931
2,0,0,0.44,0,0.000866435974,0.000284231181
2,0,0,0.58,0,0.000884160603,0.000257911638
2,0,0,0.72,0,0.00111712207,0.000298597588
2,0,0,0.86,0,0.00126799052,0.000305684519
2,0,0,1,0,0.00125132744,0.000264183389
2,0,0.3,0,0,0.000605616926,0.000258684938
2,0,0.3,0.3,0.09,0.000993982537,0.000224059536
2,0,0.3,0.44,0.132,0.00120764314,0.000277447883
2,0,0.3,0.58,0.174,0.00129256696,0.000228847641
2,0,0.3,0.72,0.216,0.0016053697,0.000260283188
2,0,0.3,0.86,0.258,0.00171622103,0.000294080414
2,0,0.3,1,0.3,0.00186396919,0.000359115455
2,0,0.44,0,0,0.000763369342,0.000225434151
2,0,0.44,0.3,0.132,0.00129520475,0.000309879696
2,0,0.44,0.44,0.1936,0.0014616104,0.000316851411
2,0,0.44,0.58,0.2552,0.00170248525,0.000363133624
2,0,0.44,0.72,0.3168,0.00183125421,0.000279040775
2,0,0.44,0.86,0.3784,0.00197153937,0.000305491458
2,0,0.44,1,0.44,0.00200563757,0.000251454796
2,0,0.58,0,0,0.00107977489,0.000273493622
2,0,0.58,0.3,0.174,0.00166854789,0.000391491273
2,0,0.58,0.44,0.2552,0.00184865716,0.00030862341
2,0,0.58,0.58,0.3364,0.00202664335,0.000335757756
2,0,0.58,0.72,0.4176,0.00200486553,0.000254971111
2,0,0.58,0.86,0.4988,0.00234115103,0.000328034331
2,0,0.58,1,0.58,0.00253676536,0.000299174026
2,0,0.72,0,0,0.00120542354,0.000296037909
2,0,0.72,0.3,0.216,0.0016659101,0.000308219687
2,0,0.72,0.44,0.3168,0.0018678937,0.00035605931
2,0,0.72,0.58,0.4176,0.00210252794,0.000298097748
2,0,0.72,0.72,0.5184,0.00231033397,0.000213163908
2,0,0.72,0.86,0.6192,0.00257983847,0.000301264439
2,0,0.72,1,0.72,0.00250189512,0.000299204832
2,0,0.86,0,0,0.00155132727,0.000281851427
2,0,0.86,0.3,0.258,0.00197752263,0.0002974087
2,0,0.86,0.44,0.3784,0.00219501127,0.000323589352
2,0,0.86,0.58,0.4988,0.00254619062,0.000278461649
2,0,0.86,0.72,0.6192,0.00263014941,0.000332361669
2,0,0.86,0.86,0.7396,0.00287173199,0.000380227205
2,0,0.86,1,0.86,0.00295845724,0.000278938101
2,0,1,0,0,0.00177653624,0.000257117353
2,0,1,0.3,0.3,0.00226024821,0.000248933921
2,0,1,0.44,0.44,0.00262075632,0.000415223365
2,0,1,0.58,0.58,0.00275766383,0.000304992212
2,0,1,0.72,0.72,0.00302295432,0.000325664651
2,0,1,0.86,0.86,0.00326045156,0.000287600821
2,0,1,1,1,0.00343148947,0.00030379071
3,0,0,0,0,0.000267047567,0.000270268378
3,0,0,0.3,0,0.000643703968,0.000218415728
3,0,0,0.44,0,0.000769963808,0.000315981094
3,0,0,0.58,0,0.00092578614,0.00026039073
3,0,0,0.72,0,0.00117837016,0.000270827856
3,0,0,0.86,0,0.00121713274,0.000337616479
3,0,0,1,0,0.00130517686,0.00026365292
3,0,0.3,0,0,0.000615331694,0.000209238591
3,0,0.3,0.3,0.09,0.000944314972,0.000239264376
3,0,0.3,0.44,0.132,0.0013038258,0.000283156741
3,0,0.3,0.58,0.174,0.00143754865,0.000313697042
3,0,0.3,0.72,0.216,0.00164866799,0.000315175772
3,0,0.3,0.86,0.258,0.00172172178,0.000283193095
3,0,0.3,1,0.3,0.00174887167,0.000303773614
3,0,0.44,0,0,0.000829056627,0.000263360412
3,0,0.44,0.3,0.132,0.00125264633,0.000254336644
3,0,0.44,0.44,0.1936,0.00151681089,0.000279446853
3,0,0.44,0.58,0.2552,0.0016273727,0.00028350485
3,0,0.44,0.72,0.3168,0.00182996748,0.000256708566
3,0,0.44,0.86,0.3784,0.00195108044,0.000298207793
3,0,0.44,1,0.44,0.00221994156,0.000284931948
3,0,0.58,0,0,0.00103959692,0.000272348728
3,0,0.58,0.3,0.174,0.0017058629,0.000307200319
3,0,0.58,0.44,0.2552,0.00184331725,0.000287679895
3,0,0.58,0.58,0.3364,0.00203780569,0.000315505524
3,0,0.58,0.72,0.4176,0.00214569755,0.000288882034
3,0,0.58,0.86,0.4988,0.00244547224,0.000295889247
3,0,0.58,1,0.58,0.00245383595,0.0002807284
3,0,0.72,0,0,0.00121233969,0.000284501597
3,0,0.72,0.3,0.216,0.00173899606,0.000291907673
3,0,0.72,0.44,0.3168,0.00197848768,0.000281049391
3,0,0.72,0.58,0.4176,0.0020234587,0.00028944708
3,0,0.72,0.72,0.5184,0.0023655023,0.000368772226
3,0,0.72,0.86,0.6192,0.00260917579,0.000318926868
3,0,0.72,1,0.72,0.00275155189,0.000299012902
3,0,0.86,0,0,0.00152453123,0.000280641923
3,0,0.86,0.3,0.258,0.00207489553,0.000352697233
3,0,0.86,0.44,0.3784,0.00239036825,0.000309177101
3,0,0.86,0.58,0.4988,0.00263565016,0.00033129793
3,0,0.86,0.72,0.6192,0.00273903849,0.00031712323
3,0,0.86,0.86,0.7396,0.00296312161,0.000277607594
3,0,0.86,1,0.86,0.00302951662,0.000306209788
3,0,1,0,0,0.00165786807,0.0003174942
3,0,1,0.3,0.3,0.00232146414,0.000275490172
3,0,1,0.44,0.44,0.00257819789,0.000253482811
3,0,1,0.58,0.58,0.00297740426,0.00034892714
3,0,1,0.72,0.72,0.00310092985,0.000341088492
3,0,1,0.86,0.86,0.00339401361,0.000357391014
3,0,1,1,1,0.00344908543,0.000263615902
4,0,0,0,0,0.000282102241,0.000254313483
4,0,0,0.3,0,0.000556624893,0.000248010908
4,0,0,0.44,0,0.000776268757,0.000299117644
4,0,0,0.58,0,0.000926558174,0.00025492614
4,0,0,0.72,0,0.00112439207,0.000254581092
4,0,0,0.86,0,0.00129964395,0.000264007106
4,0,0,1,0,0.0013438751,0.000275038048
4,0,0.3,0,0,0.000664452401,0.000239328368
4,0,0.3,0.3,0.09,0.00103197308,0.00022317177
4,0,0.3,0.44,0.132,0.00130939088,0.000212155719
4,0,0.3,0.58,0.174,0.00145913346,0.000278196882
4,0,0.3,0.72,0.216,0.00161907332,0.000297314705
4,0,0.3,0.86,0.258,0.00172210779,0.000269309681
4,0,0.3,1,0.3,0.00200271027,0.000277212832
4,0,0.44,0,0,0.00077160438,0.000270639823
4,0,0.44,0.3,0.132,0.00126725066,0.000277905651
4,0,0.44,0.44,0.1936,0.0015140766,0.00033685554
4,0,0.44,0.58,0.2552,0.00162399504,0.000304334608
4,0,0.44,0.72,0.3168,0.0018074498,0.000279430176
4,0,0.44,0.86,0.3784,0.00195561615,0.00029141873
4,0,0.44,1,0.44,0.00201663906,0.000316366963
4,0,0.58,0,0,0.000991988115,0.000277144997
4,0,0.58,0.3,0.174,0.00153781666,0.000301526961
4,0,0.58,0.44,0.2552,0.00186396919,0.000316980474
4,0,0.58,0.58,0.3364,0.00204916103,0.000278168817
4,0,0.58,0.72,0.4176,0.00211526651,0.000315862577
4,0,0.58,0.86,0.4988,0.00224821734,0.000299004244
4,0,0.58,1,0.58,0.00235118749,0.000353453518
4,0,0.72,0,0,0.00115247483,0.000269187832
4,0,0.72,0.3,0.216,0.00170110201,0.000266940751
4,0,0.72,0.44,0.3168,0.00198176883,0.000307510536
4,0,0.72,0.58,0.4176,0.00214550454,0.000265121923
4,0,0.72,0.72,0.5184,0.00232175365,0.000280163989
4,0,0.72,0.86,0.6192,0.00242417695,0.000363091405
4,0,0.72,1,0.72,0.00256397959,0.000330564321
4,0,0.86,0,0,0.00137523902,0.000334516652
4,0,0.86,0.3,0.258,0.00204668409,0.00031413898
4,0,0.86,0.44,0.3784,0.00229666252,0.000307242913
4,0,0.86,0.58,0.4988,0.00224262009,0.000300517886
4,0,0.86,0.72,0.6192,0.00262728644,0.000283676808
4,0,0.86,0.86,0.7396,0.00272205373,0.000364774565
4,0,0.86,1,0.86,0.00291966249,0.000334725094
4,0,1,0,0,0.00173963942,0.000262490884
4,0,1,0.3,0.3,0.00225387893,0.000285445599
4,0,1,0.44,0.44,0.00270333188,0.000312029722
4,0,1,0.58,0.58,0.00262825149,0.000318134719
4,0,1,0.72,0.72,0.00286497668,0.000285285437
4,0,1,0.86,0.86,0.0032421479,0.000276096716
4,0,1,1,1,0.00336345389,0.000368038035
5,0,0,0,0,0.000224649997,0.00020674691
5,0,0,0.3,0,0.000552217866,0.000346449784
5,0,0,0.44,0,0.000809884432,0.000235446973
5,0,0,0.58,0,0.00088216618,0.000251794499
5,0,0,0.72,0,0.00106044186,0.000230065658
5,0,0,0.86,0,0.00108492179,0.000255307144
5,0,0,1,0,0.00126918074,0.000302373922
5,0,0.3,0,0,0.000582069868,0.000234527763
5,0,0.3,0.3,0.09,0.00100298961,0.000266738493
5,0,0.3,0.44,0.132,0.00124878616,0.000248817132
5,0,0.3,0.58,0.174,0.00137530335,0.00024793603
5,0,0.3,0.72,0.216,0.001656324,0.00030704924
5,0,0.3,0.86,0.258,0.00167800531,0.000293829336
5,0,0.3,1,0.3,0.00175524095,0.000321289458
5,0,0.44,0,0,0.000706914307,0.000241786317
5,0,0.44,0.3,0.132,0.00122459574,0.000234560763
5,0,0.44,0.44,0.1936,0.00162267615,0.000356621766
5,0,0.44,0.58,0.2552,0.00161955584,0.000295245153
5,0,0.44,0.72,0.3168,0.00184936486,0.000268778948
5,0,0.44,0.86,0.3784,0.0020403148,0.000280796629
5,0,0.44,1,0.44,0.00220076936,0.000238792795
5,0,0.58,0,0,0.00105072709,0.000296731676
5,0,0.58,0.3,0.174,0.0014844176,0.000324119255
5,0,0.58,0.44,0.2552,0.00175250667,0.000347187313
5,0,0.58,0.58,0.3364,0.00197083167,0.000278284473
5,0,0.58,0.72,0.4176,0.00226664967,0.000281710901
5,0,0.58,0.86,0.4988,0.00239387458,0.000293345822
5,0,0.58,1,0.58,0.00248085717,0.000315386289
5,0,0.72,0,0,0.00117225822,0.000240533835
5,0,0.72,0.3,0.216,0.00173137221,0.000245694941
5,0,0.72,0.44,0.3168,0.00195477978,0.000304225964
5,0,0.72,0.58,0.4176,0.00216586696,0.000303718514
5,0,0.72,0.72,0.5184,0.00241439784,0.0003285206
5,0,0.72,0.86,0.6192,0.00261798986,0.000320156436
5,0,0.72,1,0.72,0.00269876401,0.000295689764
5,0,0.86,0,0,0.00133937157,0.000287114678
5,0,0.86,0.3,0.258,0.00190015832,0.000315948719
5,0,0.86,0.44,0.3784,0.00221752895,0.000273083069
5,0,0.86,0.58,0.4988,0.00242469163,0.000290147328
5,0,0.86,0.72,0.6192,0.00271520192,0.000371205184
5,0,0.86,0.86,0.7396,0.00281054822,0.000279670079
5,0,0.86,1,0.86,0.00286471934,0.000350925882
5,0,1,0,0,0.00171245736,0.000269541278
5,0,1,0.3,0.3,0.00227102454,0.000362891803
5,0,1,0.44,0.44,0.0026653735,0.000318260743
5,0,1,0.58,0.58,0.0027990642,0.000296264955
5,0,1,0.72,0.72,0.00305177696,0.000305657593
5,0,1,0.86,0.86,0.00331716396,0.000313470724
5,0,1,1,1,0.00337371552,0.00035070042
6,0,0,0,0,0.000208501605,0.000196843661
6,0,0,0.3,0,0.000560774581,0.000303803531
6,0,0,0.44,0,0.000857879256,0.000278808157
6,0,0,0.58,0,0.000904104832,0.000245804374
6,0,0,0.72,0,0.00110084501,0.000293378383
6,0,0,0.86,0,0.00117528202,0.000294838443
6,0,0,1,0,0.00134374643,0.000288667936
6,0,0.3,0,0,0.000656828559,0.000272225729
6,0,0.3,0.3,0.09,0.00107440282,0.000248739531
6,0,0.3,0.44,0.132,0.00120999141,0.00024492426
6,0,0.3,0.58,0.174,0.00146456987,0.000260966037
6,0,0.3,0.72,0.216,0.0015667358,0.000255607401
6,0,0.3,0.86,0.258,0.00173487854,0.000314356933
6,0,0.3,1,0.3,0.0019235767,0.000315324564
6,0,0.44,0,0,0.000747671304,0.000239488363
6,0,0.44,0.3,0.132,0.00131740075,0.000261933191
6,0,0.44,0.44,0.1936,0.00143291644,0.000234031329
6,0,0.44,0.58,0.2552,0.00169659848,0.000318195357
6,0,0.44,0.72,0.3168,0.0018094764,0.000292072097
6,0,0.44,0.86,0.3784,0.00189710234,0.000267244336
6,0,0.44,1,0.44,0.00198366675,0.00033327472
6,0,0.58,0,0,0.00109608413,0.000277292445
6,0,0.58,0.3,0.174,0.00153141521,0.00024766419
6,0,0.58,0.44,0.2552,0.00191019477,0.000263143886
6,0,0.58,0.58,0.3364,0.00193541457,0.000255133925
6,0,0.58,0.72,0.4176,0.0020713892,0.000289849427
6,0,0.58,0.86,0.4988,0.00232098162,0.000294754558
6,0,0.58,1,0.58,0.00239451794,0.000311716492
6,0,0.72,0,0,0.0012023354,0.000238854378
6,0,0.72,0.3,0.216,0.00173806318,0.000253370981
6,0,0.72,0.44,0.3168,0.00201644606,0.000301045557
6,0,0.72,0.58,0.4176,0.00199621231,0.000257413078
6,0,0.72,0.72,0.5184,0.00233185444,0.000265194368
6,0,0.72,0.86,0.6192,0.00239525781,0.000314651019
6,0,0.72,1,0.72,0.00252087431,0.000273422573
6,0,0.86,0,0,0.00133078268,0.000285376865
6,0,0.86,0.3,0.258,0.00209937546,0.000281131031
6,0,0.86,0.44,0.3784,0.00228858833,0.000347000183
6,0,0.86,0.58,0.4988,0.00236662818,0.000367031147
6,0,0.86,0.72,0.6192,0.00247442354,0.000319625087
6,0,0.86,0.86,0.7396,0.00274476442,0.000308269293
6,0,0.86,1,0.86,0.00292924859,0.000310187222
6,0,1,0,0,0.00176656413,0.00029185325
6,0,1,0.3,0.3,0.00219169796,0.000282919222
6,0,1,0.44,0.44,0.00252019878,0.000307897087
6,0,1,0.58,0.58,0.00271391519,0.000270652966
6,0,1,0.72,0.72,0.00310385714,0.000309311517
6,0,1,0.86,0.86,0.00303643276,0.000286216984
6,0,1,1,1,0.00339079679,0.000342694078
7,0,0,0,0,0.00018614477,0.000234444699
7,0,0,0.3,0,0.000536230311,0.000242848788
7,0,0,0.44,0,0.000805541737,0.000241440709
7,0,0,0.58,0,0.000847488957,0.000311463748
7,0,0,0.72,0,0.00112252632,0.000259433583
7,0,0,0.86,0,0.0011910444,0.0002945837
7,0,0,1,0,0.00132827357,0.000306218148
7,0,0.3,0,0,0.000538417742,0.000237489071
7,0,0.3,0.3,0.09,0.00101714358,0.000233507714
7,0,0.3,0.44,0.132,0.0013237057,0.000279323093
7,0,0.3,0.58,0.174,0.00140316094,0.000257940546
7,0,0.3,0.72,0.216,0.00157333026,0.000261070729
7,0,0.3,0.86,0.258,0.00174845348,0.000295883886
7,0,0.3,1,0.3,0.00181362608,0.000318713348
7,0,0.44,0,0,0.000985522326,0.000313359593
7,0,0.44,0.3,0.132,0.00118007507,0.000303021677
7,0,0.44,0.44,0.1936,0.00147360911,0.000341935687
7,0,0.44,0.58,0.2552,0.00158108278,0.000289278597
7,0,0.44,0.72,0.3168,0.00175633467,0.000312624525
7,0,0.44,0.86,0.3784,0.00191920184,0.000304840492
7,0,0.44,1,0.44,0.00209162294,0.000319979394
7,0,0.58,0,0,0.00112783405,0.00025068327
7,0,0.58,0.3,0.174,0.00148142596,0.000227255583
7,0,0.58,0.44,0.2552,0.00171139581,0.000302671001
7,0,0.58,0.58,0.3364,0.00193940342,0.000296818721
7,0,0.58,0.72,0.4176,0.00206450522,0.000255304969
7,0,0.58,0.86,0.4988,0.00236987716,0.000331715295
7,0,0.58,1,0.58,0.00254200876,0.00027405125
7,0,0.72,0,0,0.00116669313,0.000254670563
7,0,0.72,0.3,0.216,0.00169058304,0.000293564497
7,0,0.72,0.44,0.3168,0.00195204548,0.000256834499
7,0,0.72,0.58,0.4176,0.00219880711,0.00028814069
7,0,0.72,0.72,0.5184,0.00230882207,0.000285261341
7,0,0.72,0.86,0.6192,0.00261660663,0.000350402683
7,0,0.72,1,0.72,0.00254323115,0.000340558864
7,0,0.86,0,0,0.0014342675,0.000195476656
7,0,0.86,0.3,0.258,0.00186451604,0.00030971575
7,0,0.86,0.44,0.3784,0.00249797061,0.00032162858
7,0,0.86,0.58,0.4988,0.00243659384,0.000295816592
7,0,0.86,0.72,0.6192,0.00281762521,0.000282665489
7,0,0.86,0.86,0.7396,0.00290682741,0.000374493069
7,0,0.86,1,0.86,0.00311048378,0.000397338908
7,0,1,0,0,0.00175022273,0.000291870816
7,0,1,0.3,0.3,0.00226973781,0.000304666368
7,0,1,0.44,0.44,0.00250250631,0.00030568647
7,0,1,0.58,0.58,0.00283805196,0.000254787756
7,0,1,0.72,0.72,0.00311476214,0.000385096512
7,0,1,0.86,0.86,0.0031847278,0.000292913474
7,0,1,1,1,0.00340453258,0.00033445241
8,0,0,0,0,0.000213005141,0.000220400017
8,0,0,0.3,0,0.000526483373,0.000244046757
8,0,0,0.44,0,0.000852185499,0.000228157429
8,0,0,0.58,0,0.000916779068,0.000244965538
8,0,0,0.72,0,0.00106005584,0.000298266403
8,0,0,0.86,0,0.00116868756,0.000272645728
8,0,0,1,0,0.00138601533,0.000253717195
8,0,0.3,0,0,0.000590240568,0.00022915405
8,0,0.3,0.3,0.09,0.00108102945,0.000300820534
8,0,0.3,0.44,0.132,0.00130845801,0.000227184553
8,0,0.3,0.58,0.174,0.00135835075,0.000219432893
8,0,0.3,0.72,0.216,0.00156934142,0.000271435228
8,0,0.3,0.86,0.258,0.00182517444,0.000277662849
8,0,0.3,1,0.3,0.00176994178,0.00026431455
8,0,0.44,0,0,0.000741173346,0.000227675419
8,0,0.44,0.3,0.132,0.00131814061,0.000314411781
8,0,0.44,0.44,0.1936,0.0014890498,0.000284300527
8,0,0.44,0.58,0.2552,0.00152285849,0.000225344644
8,0,0.44,0.72,0.3168,0.00185570198,0.00024883878
8,0,0.44,0.86,0.3784,0.00198681922,0.000291231154
8,0,0.44,1,0.44,0.00199476474,0.0002549308
8,0,0.58,0,0,0.00107208672,0.000319122784
8,0,0.58,0.3,0.174,0.00155419024,0.000301874094
8,0,0.58,0.44,0.2552,0.001859916,0.000252560745
8,0,0.58,0.58,0.3364,0.00204533302,0.000278567295
8,0,0.58,0.72,0.4176,0.00223432071,0.000313029497
8,0,0.58,0.86,0.4988,0.00234877487,0.000311920791
8,0,0.58,1,0.58,0.0024614598,0.000384093712
8,0,0.72,0,0,0.00110946606,0.000262673756
8,0,0.72,0.3,0.216,0.00169158025,0.000247453317
8,0,0.72,0.44,0.3168,0.00194252372,0.000317158601
8,0,0.72,0.58,0.4176,0.00213456738,0.000348453471
8,0,0.72,0.72,0.5184,0.00228688342,0.000296043874
8,0,0.72,0.86,0.6192,0.00249459295,0.000304202681
8,0,0.72,1,0.72,0.0026454936,0.000335051074
8,0,0.86,0,0,0.00138157613,0.00027332876
8,0,0.86,0.3,0.258,0.00215161648,0.000272061532
8,0,0.86,0.44,0.3784,0.00240223829,0.000271859647
8,0,0.86,0.58,0.4988,0.00251045184,0.00034327845
8,0,0.86,0.72,0.6192,0.00272942022,0.000323127202
8,0,0.86,0.86,0.7396,0.00290438263,0.000296305021
8,0,0.86,1,0.86,0.00300899336,0.000339364142
8,0,1,0,0,0.00160450116,0.000243098535
8,0,1,0.3,0.3,0.00230023319,0.000317893752
8,0,1,0.44,0.44,0.00266694974,0.000343407744
8,0,1,0.58,0.58,0.00288421322,0.000274173318
8,0,1,0.72,0.72,0.00293021363,0.000291826155
8,0,1,0.86,0.86,0.00320711682,0.000344302375
8,0,1,1,1,0.00330133724,0.000308122448
9,0,0,0,0,0.000225743713,0.000222739609
9,0,0,0.3,0,0.000599601491,0.000290613633
9,0,0,0.44,0,0.000778263179,0.000274249813
9,0,0,0.58,0,0.000885769009,0.000263910102
9,0,0,0.72,0,0.00111290805,0.000227411993
9,0,0,0.86,0,0.00118393524,0.000259551225
9,0,0,1,0,0.00138842794,0.000279489754
9,0,0.3,0,0,0.00062478912,0.000236794468
9,0,0.3,0.3,0.09,0.000947885633,0.000276850628
9,0,0.3,0.44,0.132,0.00125814708,0.000270429129
9,0,0.3,0.58,0.174,0.00141708973,0.000241918956
9,0,0.3,0.72,0.216,0.00157355544,0.000300707321
9,0,0.3,0.86,0.258,0.00176788302,0.000299666492
9,0,0.3,1,0.3,0.00175717104,0.000241741493
9,0,0.44,0,0,0.000822076148,0.000276135274
9,0,0.44,0.3,0.132,0.00129523692,0.000298442816
9,0,0.44,0.44,0.1936,0.00142677233,0.000275831586
9,0,0.44,0.58,0.2552,0.00160729979,0.00028365675
9,0,0.44,0.72,0.3168,0.00183273395,0.000353878478
9,0,0.44,0.86,0.3784,0.00198331289,0.000250430594
9,0,0.44,1,0.44,0.00199222346,0.000304926124
9,0,0.58,0,0,0.00110737513,0.000257572672
9,0,0.58,0.3,0.174,0.00147158252,0.000322819836
9,0,0.58,0.44,0.2552,0.00184244872,0.000301466737
9,0,0.58,0.58,0.3364,0.00187915254,0.000319978142
9,0,0.58,0.72,0.4176,0.00208425644,0.000249647656
9,0,0.58,0.86,0.4988,0.0022244451,0.000254789919
9,0,0.58,1,0.58,0.00238251923,0.000303256167
9,0,0.72,0,0,0.00108183365,0.000249643778
9,0,0.72,0.3,0.216,0.00166652129,0.000252509869
9,0,0.72,0.44,0.3168,0.00191791511,0.000283958559
9,0,0.72,0.58,0.4176,0.00198144714,0.000243151851
9,0,0.72,0.72,0.5184,0.00227990293,0.000265851419
9,0,0.72,0.86,0.6192,0.0022458369,0.000287567315
9,0,0.72,1,0.72,0.00254001434,0.00027851958
9,0,0.86,0,0,0.00147499234,0.000273310665
9,0,0.86,0.3,0.258,0.00201187818,0.000304574703
9,0,0.86,0.44,0.3784,0.0021343422,0.000321556117
9,0,0.86,0.58,0.4988,0.00240069422,0.000274557154
9,0,0.86,0.72,0.6192,0.00261692831,0.000320701928
9,0,0.86,0.86,0.7396,0.0029089505,0.0003187392
9,0,0.86,1,0.86,0.00276676741,0.000296290531
9,0,1,0,0,0.00161476279,0.000277620963
9,0,1,0.3,0.3,0.00224818517,0.000337058336
9,0,1,0.44,0.44,0.00252524917,0.00028395683
9,0,1,0.58,0.58,0.00268557508,0.000298425848
9,0,1,0.72,0.72,0.00302948445,0.000297108881
9,0,1,0.86,0.86,0.00353645405,0.000359417633
9,0,1,1,1,0.00331912622,0.000306247746
10,0,0,0,0,0.000209466652,0.000299015624
10,0,0,0.3,0,0.000651810333,0.000241291822
10,0,0,0.44,0,0.000757064393,0.000233106434
10,0,0,0.58,0,0.000862543632,0.00025784891
10,0,0,0.72,0,0.000967411676,0.00024522226
10,0,0,0.86,0,0.00122318034,0.00030700069
10,0,0,1,0,0.00127577521,0.000272113123
10,0,0.3,0,0,0.000551831845,0.000253497979
10,0,0.3,0.3,0.09,0.00100122036,0.000219456179
10,0,0.3,0.44,0.132,0.001126483,0.000308809741
10,0,0.3,0.58,0.174,0.00136938442,0.000239387626
10,0,0.3,0.72,0.216,0.00156818336,0.000262342885
10,0,0.3,0.86,0.258,0.00159961161,0.000280410878
10,0,0.3,1,0.3,0.00173458902,0.000282900257
10,0,0.44,0,0,0.000787045072,0.000221875055
10,0,0.44,0.3,0.132,0.00114571953,0.000307267247
10,0,0.44,0.44,0.1936,0.00146456987,0.000274190429
10,0,0.44,0.58,0.2552,0.00141908415,0.000262354231
10,0,0.44,0.72,0.3168,0.00172133576,0.000290609099
10,0,0.44,0.86,0.3784,0.00204758479,0.000316488316
10,0,0.44,1,0.44,0.00196037703,0.000314751344
10,0,0.58,0,0,0.00104779979,0.000236839051
10,0,0.58,0.3,0.174,0.00158230517,0.000344662112
10,0,0.58,0.44,0.2552,0.00173754849,0.000298172261
10,0,0.58,0.58,0.3364,0.00191768994,0.000271301053
10,0,0.58,0.72,0.4176,0.00214930038,0.000297120612
10,0,0.58,0.86,0.4988,0.00244724148,0.000281810822
10,0,0.58,1,0.58,0.00245464015,0.000276766421
10,0,0.72,0,0,0.00119455072,0.000334872782
10,0,0.72,0.3,0.216,0.00173642261,0.000325154769
10,0,0.72,0.44,0.3168,0.00190314995,0.000295161092
10,0,0.72,0.58,0.4176,0.00205639886,0.000275566174
10,0,0.72,0.72,0.5184,0.0023381594,0.000299812728
10,0,0.72,0.86,0.6192,0.00239532214,0.000358510831
10,0,0.72,1,0.72,0.00248928522,0.000347576065
10,0,0.86,0,0,0.00155235665,0.000276745071
10,0,0.86,0.3,0.258,0.0020315329,0.000298073831
10,0,0.86,0.44,0.3784,0.00231644591,0.000245008899
10,0,0.86,0.58,0.4988,0.00236228549,0.000334326421
10,0,0.86,0.72,0.6192,0.00264234112,0.000301817718
10,0,0.86,0.86,0.7396,0.00289067901,0.000332520138
10,0,0.86,1,0.86,0.00298953164,0.000299857376
10,0,1,0,0,0.00170592723,0.000237052872
10,0,1,0.3,0.3,0.00219642667,0.000386166333
10,0,1,0.44,0.44,0.00253013873,0.000296656153
10,0,1,0.58,0.58,0.00272272926,0.000342584995
10,0,1,0.72,0.72,0.00293915637,0.000333895683
10,0,1,0.86,0.86,0.00324542905,0.000349743593
10,0,1,1,1,0.00331938356,0.00028804144
11,0,0,0,0,0.000170961424,0.000278290066
11,0,0,0.3,0,0.000551124146,0.000243438797
11,0,0,0.44,0,0.000757836429,0.000269386935
11,0,0,0.58,0,0.000727630572,0.000255847137
11,0,0,0.72,0,0.00103158706,0.000294152249
11,0,0,0.86,0,0.00122379154,0.000249773656
11,0,0,1,0,0.00130289293,0.000260357692
11,0,0.3,0,0,0.00050341884,0.000289963113
11,0,0.3,0.3,0.09,0.000971336187,0.000263444666
11,0,0.3,0.44,0.132,0.00129932227,0.00029024732
11,0,0.3,0.58,0.174,0.00124466864,0.000301928434
11,0,0.3,0.72,0.216,0.00145508028,0.000369855577
11,0,0.3,0.86,0.258,0.00167398429,0.000290302245
11,0,0.3,1,0.3,0.00184103332,0.00029789712
11,0,0.44,0,0,0.000770639336,0.000247428404
11,0,0.44,0.3,0.132,0.00119545143,0.000307376127
11,0,0.44,0.44,0.1936,0.00142049955,0.000261059044
11,0,0.44,0.58,0.2552,0.00149416453,0.000332484576
11,0,0.44,0.72,0.3168,0.00173957508,0.000252152921
11,0,0.44,0.86,0.3784,0.00204124767,0.000324370598
11,0,0.44,1,0.44,0.0020388994,0.000312816984
11,0,0.58,0,0,0.000890915909,0.000325956946
11,0,0.58,0.3,0.174,0.00141271487,0.000340937371
11,0,0.58,0.44,0.2552,0.00173111487,0.000306727352
11,0,0.58,0.58,0.3364,0.00194455031,0.000277741579
11,0,0.58,0.72,0.4176,0.00216908377,0.000290398508
11,0,0.58,0.86,0.4988,0.00236331486,0.00025000476
11,0,0.58,1,0.58,0.00250533711,0.00030772361
11,0,0.72,0,0,0.00105822226,0.000270714914
11,0,0.72,0.3,0.216,0.00160057665,0.000250345447
11,0,0.72,0.44,0.3168,0.00184453964,0.000298225458
11,0,0.72,0.58,0.4176,0.00199074373,0.000253955413
11,0,0.72,0.72,0.5184,0.00221733594,0.00027904284
11,0,0.72,0.86,0.6192,0.00235083363,0.000292585476
11,0,0.72,1,0.72,0.00252817647,0.000298003076
11,0,0.86,0,0,0.0014401221,0.000292417771
11,0,0.86,0.3,0.258,0.00187895953,0.000345946918
11,0,0.86,0.44,0.3784,0.00217786567,0.000328280466
11,0,0.86,0.58,0.4988,0.00239931099,0.000292104826
11,0,0.86,0.72,0.6192,0.00262947388,0.000302543351
11,0,0.86,0.86,0.7396,0.00275367499,0.000301655144
11,0,0.86,1,0.86,0.00289196573,0.000319307744
11,0,1,0,0,0.00158426742,0.000239047111
11,0,1,0.3,0.3,0.00213508207,0.000295881306
11,0,1,0.44,0.44,0.00240580895,0.000259158888
11,0,1,0.58,0.58,0.00279456067,0.000305143357
11,0,1,0.72,0.72,0.00299567575,0.000280589371
11,0,1,0.86,0.86,0.00316430104,0.000288324647
11,0,1,1,1,0.00332404794,0.000325293713
12,0,0,0,0,0.000201392454,0.00022570388
12,0,0,0.3,0,0.000499204816,0.000249378037
12,0,0,0.44,0,0.000798464753,0.000272294164
12,0,0,0.58,0,0.000827898576,0.000270230401
12,0,0,0.72,0,0.00111319757,0.000322524435
12,0,0,0.86,0,0.00109949395,0.000259558048
12,0,0,1,0,0.00129073338,0.000276655759
12,0,0.3,0,0,0.000541731059,0.000266563363
12,0,0.3,0.3,0.09,0.000920832252,0.000309900654
12,0,0.3,0.44,0.132,0.00125254983,0.000243043193
12,0,0.3,0.58,0.174,0.00137613972,0.000250771699
12,0,0.3,0.72,0.216,0.00157850933,0.000325149589
12,0,0.3,0.86,0.258,0.00176897674,0.000246250661
12,0,0.3,1,0.3,0.00183292695,0.000336855503
12,0,0.44,0,0,0.000794186397,0.000331818121
12,0,0.44,0.3,0.132,0.00121970618,0.000244725525
12,0,0.44,0.44,0.1936,0.00144999771,0.00030990151
12,0,0.44,0.58,0.2552,0.00163921056,0.00025667716
12,0,0.44,0.72,0.3168,0.00182128209,0.000264450589
12,0,0.44,0.86,0.3784,0.00201203902,0.000303889522
12,0,0.44,1,0.44,0.00204066865,0.000268851135
12,0,0.58,0,0,0.000950330412,0.000334914906
12,0,0.58,0.3,0.174,0.00149979395,0.000266523023
12,0,0.58,0.44,0.2552,0.00190691362,0.000288970905
12,0,0.58,0.58,0.3364,0.00189417505,0.000338095493
12,0,0.58,0.72,0.4176,0.00209644816,0.000315003305
12,0,0.58,0.86,0.4988,0.00218532867,0.000383724874
12,0,0.58,1,0.58,0.00230573393,0.000299632533
12,0,0.72,0,0,0.00108514697,0.000288252527
12,0,0.72,0.3,0.216,0.00159546193,0.000347814447
12,0,0.72,0.44,0.3168,0.00186982378,0.000296599202
12,0,0.72,0.58,0.4176,0.00216705718,0.000352492099
12,0,0.72,0.72,0.5184,0.00239409976,0.000370555427
12,0,0.72,0.86,0.6192,0.00248680827,0.000366523912
12,0,0.72,1,0.72,0.00251620993,0.000312608375
12,0,0.86,0,0,0.00140859735,0.000247394363
12,0,0.86,0.3,0.258,0.00190086601,0.000245360719
12,0,0.86,0.44,0.3784,0.00217300828,0.00028056921
12,0,0.86,0.58,0.4988,0.00233243347,0.000292806563
12,0,0.86,0.72,0.6192,0.0026004904,0.000312118081
12,0,0.86,0.86,0.7396,0.00282122804,0.000352685682
12,0,0.86,1,0.86,0.00304135449,0.000301155811
12,0,1,0,0,0.00166401218,0.000260877208
12,0,1,0.3,0.3,0.00224577256,0.000335395682
12,0,1,0.44,0.44,0.00248095367,0.000294790469
12,0,1,0.58,0.58,0.00266579168,0.000332025599
12,0,1,0.72,0.72,0.00299049669,0.000349628287
12,0,1,0.86,0.86,0.0033489139,0.000272219301
12,0,1,1,1,0.0033497181,0.000319389647
13,0,0,0,0,0.000231212291,0.000202866993
13,0,0,0.3,0,0.000532305802,0.000259633593
13,0,0,0.44,0,0.000844368649,0.00026330351
13,0,0,0.58,0,0.000916875573,0.000258394835
13,0,0,0.72,0,0.00112635432,0.000226989792
13,0,0,0.86,0,0.00122942096,0.000270230402
13,0,0,1,0,0.00134046528,0.000245520638
13,0,0.3,0,0,0.000628359779,0.000216095055
13,0,0.3,0.3,0.09,0.00091333708,0.000242576427
13,0,0.3,0.44,0.132,0.00124293156,0.000266618379
13,0,0.3,0.58,0.174,0.00129369285,0.000313138002
13,0,0.3,0.72,0.216,0.00153479286,0.000313282038
13,0,0.3,0.86,0.258,0.00175762139,0.000285258116
13,0,0.3,1,0.3,0.00182523877,0.00031722048
13,0,0.44,0,0,0.000706013601,0.000277617014
13,0,0.44,0.3,0.132,0.00124711342,0.000338686892
13,0,0.44,0.44,0.1936,0.00143748431,0.000218012351
13,0,0.44,0.58,0.2552,0.00149979395,0.000262170085
13,0,0.44,0.72,0.3168,0.00183472837,0.000253330193
13,0,0.44,0.86,0.3784,0.00182134643,0.000265104315
13,0,0.44,1,0.44,0.00213038553,0.00035469819
13,0,0.58,0,0,0.000922730169,0.000244408352
13,0,0.58,0.3,0.174,0.00154193418,0.000281680323
13,0,0.58,0.44,0.2552,0.00167224721,0.000248874083
13,0,0.58,0.58,0.3364,0.00186757201,0.000252180998
13,0,0.58,0.72,0.4176,0.00218597203,0.000315386527
13,0,0.58,0.86,0.4988,0.00223451372,0.000297381041
13,0,0.58,1,0.58,0.00235868265,0.000303326893
13,0,0.72,0,0,0.00107350211,0.000298767213
13,0,0.72,0.3,0.216,0.00154048662,0.00031418782
13,0,0.72,0.44,0.3168,0.00182549612,0.000296430628
13,0,0.72,0.58,0.4176,0.00197092817,0.000301954113
13,0,0.72,0.72,0.5184,0.00222248284,0.000270110577
13,0,0.72,0.86,0.6192,0.00235684907,0.000305826236
13,0,0.72,1,0.72,0.00258553223,0.000299646154
13,0,0.86,0,0,0.00144237387,0.000280030797
13,0,0.86,0.3,0.258,0.00176492356,0.000362505687
13,0,0.86,0.44,0.3784,0.00224023965,0.000302920012
13,0,0.86,0.58,0.4988,0.00238393463,0.000270820192
13,0,0.86,0.72,0.6192,0.00264411037,0.000311169352
13,0,0.86,0.86,0.7396,0.00297357626,0.000338784244
13,0,0.86,1,0.86,0.00279517186,0.000301375852
13,0,1,0,0,0.00154508666,0.000281173842
13,0,1,0.3,0.3,0.00203951059,0.000292518365
13,0,1,0.44,0.44,0.00252238621,0.00027735234
13,0,1,0.58,0.58,0.0027952362,0.000278780107
13,0,1,0.72,0.72,0.00290647356,0.000306936963
13,0,1,0.86,0.86,0.00295620547,0.000366593882
13,0,1,1,1,0.00330255963,0.000359603638
14,0,0,0,0,0.000243210997,0.000245757357
14,0,0,0.3,0,0.0005025503,0.000267053082
14,0,0,0.44,0,0.000756774879,0.000208765345
14,0,0,0.58,0,0.000806989302,0.000246069736
14,0,0,0.72,0,0.000978960029,0.000261541136
14,0,0,0.86,0,0.0010947974,0.00026254662
14,0,0,1,0,0.00125322536,0.000355192655
14,0,0.3,0,0,0.000553987109,0.000282873032
14,0,0.3,0.3,0.09,0.00104857183,0.000318188039
14,0,0.3,0.44,0.132,0.00120413682,0.000257661108
14,0,0.3,0.58,0.174,0.00132566795,0.000275371595
14,0,0.3,0.72,0.216,0.00156821553,0.000234100955
14,0,0.3,0.86,0.258,0.00161096696,0.000264682648
14,0,0.3,1,0.3,0.00186406569,0.0002860855
14,0,0.44,0,0,0.000747156615,0.000235333114
14,0,0.44,0.3,0.132,0.00117335194,0.000284654365
14,0,0.44,0.44,0.1936,0.00143713047,0.000314289725
14,0,0.44,0.58,0.2552,0.00148155463,0.000268238291
14,0,0.44,0.72,0.3168,0.00173095403,0.000270893319
14,0,0.44,0.86,0.3784,0.00192373755,0.000331234592
14,0,0.44,1,0.44,0.00208740892,0.00029883449
14,0,0.58,0,0,0.00105153129,0.000261297384
14,0,0.58,0.3,0.174,0.00140184205,0.000282974414
14,0,0.58,0.44,0.2552,0.00178332372,0.000322572877
14,0,0.58,0.58,0.3364,0.00192164662,0.000289479044
14,0,0.58,0.72,0.4176,0.00211623155,0.000309052638
14,0,0.58,0.86,0.4988,0.00231396897,0.000280200397
14,0,0.58,1,0.58,0.00227260077,0.000301616956
14,0,0.72,0,0,0.00113043967,0.000317317365
14,0,0.72,0.3,0.216,0.00151787243,0.000260622481
14,0,0.72,0.44,0.3168,0.00195764274,0.000258326798
14,0,0.72,0.58,0.4176,0.00208406344,0.000349523343
14,0,0.72,0.72,0.5184,0.0021750027,0.000324019232
14,0,0.72,0.86,0.6192,0.00249034677,0.000385486794
14,0,0.72,1,0.72,0.00244585825,0.000304541226
14,0,0.86,0,0,0.00138550064,0.000262173238
14,0,0.86,0.3,0.258,0.00204401413,0.000258814649
14,0,0.86,0.44,0.3784,0.00239471095,0.000291548859
14,0,0.86,0.58,0.4988,0.00223859907,0.000275660449
14,0,0.86,0.72,0.6192,0.00248883486,0.000320488924
14,0,0.86,0.86,0.7396,0.00282080985,0.000335634745
14,0,0.86,1,0.86,0.00306207076,0.000372707275
14,0,1,0,0,0.0016371518,0.000297525429
14,0,1,0.3,0.3,0.0021585648,0.000320639955
14,0,1,0.44,0.44,0.00248503902,0.000306757855
14,0,1,0.58,0.58,0.00281707835,0.000369087059
14,0,1,0.72,0.72,0.00291454775,0.000324804042
14,0,1,0.86,0.86,0.00331642409,0.000303510651
14,0,1,1,1,0.00335435031,0.000344105853
0,3,0,0,0,0.000308061905,0.000231001654
0,3,0,0.3,0,0.000525260987,0.00029602103
0,3,0,0.44,0,0.000769995976,0.00030387296
0,3,0,0.58,0,0.000870392651,0.000261864034
0,3,0,0.72,0,0.00117682609,0.000275376176
0,3,0,0.86,0,0.00127706193,0.000304272881
0,3,0,1,0,0.00150526253,0.000237215485
0,3,0.3,0,0,0.000614366653,0.000263177322
0,3,0.3,0.3,0.09,0.000991859443,0.000270718729
0,3,0.3,0.44,0.132,0.00126413035,0.000270119714
0,3,0.3,0.58,0.174,0.00143320596,0.00028807996
0,3,0.3,0.72,0.216,0.00163335597,0.000317313469
0,3,0.3,0.86,0.258,0.00172857358,0.000259318307
0,3,0.3,1,0.3,0.00190881154,0.000255267352
0,3,0.44,0,0,0.00076237213,0.000205586105
0,3,0.44,0.3,0.132,0.00104487249,0.000267098839
0,3,0.44,0.44,0.1936,0.00129156975,0.00025027056
0,3,0.44,0.58,0.2552,0.0014630258,0.000272221848
0,3,0.44,0.72,0.3168,0.00178017124,0.000330565921
0,3,0.44,0.86,0.3784,0.00183633677,0.000286924084
0,3,0.44,1,0.44,0.00215151998,0.00027235914
0,3,0.58,0,0,0.000872387074,0.000269180797
0,3,0.58,0.3,0.174,0.00124418612,0.00025041428
0,3,0.58,0.44,0.2552,0.00143713047,0.000280647024
0,3,0.58,0.58,0.3364,0.0017570102,0.000319307736
0,3,0.58,0.72,0.4176,0.00197951706,0.000263983916
0,3,0.58,0.86,0.4988,0.00205327855,0.000350746701
0,3,0.58,1,0.58,0.00228408479,0.000341919244
0,3,0.72,0,0,0.00100073784,0.000335280605
0,3,0.72,0.3,0.216,0.00137591454,0.000254432925
0,3,0.72,0.44,0.3168,0.00164529034,0.00028278649
0,3,0.72,0.58,0.4176,0.00196800087,0.000283361426
0,3,0.72,0.72,0.5184,0.00231776481,0.000278254933
0,3,0.72,0.86,0.6192,0.00223631514,0.000330989454
0,3,0.72,1,0.72,0.00246406541,0.000276645379
0,3,0.86,0,0,0.00124872182,0.00028282437
0,3,0.86,0.3,0.258,0.00152893826,0.000282086345
0,3,0.86,0.44,0.3784,0.00180754631,0.000343727224
0,3,0.86,0.58,0.4988,0.00209564396,0.000308012729
0,3,0.86,0.72,0.6192,0.00236366871,0.000297524612
0,3,0.86,0.86,0.7396,0.0024845565,0.000271870158
0,3,0.86,1,0.86,0.00265321395,0.000274927581
0,3,1,0,0,0.00131559933,0.000324609158
0,3,1,0.3,0.3,0.00181044144,0.000328964045
0,3,1,0.44,0.44,0.00195995884,0.000317147238
0,3,1,0.58,0.58,0.00228964987,0.000286302061
0,3,1,0.72,0.72,0.0025442927,0.000282220675
0,3,1,0.86,0.86,0.00261474088,0.00033062617
0,3,1,1,1,0.00292783319,0.000348678957
1,3,0,0,0,0.000310249337,0.000232315627
1,3,0,0.3,0,0.000523877756,0.000241223509
1,3,0,0.44,0,0.000824006235,0.000310064053
1,3,0,0.58,0,0.00100672111,0.000357870072
1,3,0,0.72,0,0.00117505684,0.000261989426
1,3,0,0.86,0,0.00128220883,0.000308272395
1,3,0,1,0,0.00148042875,0.000277061682
1,3,0.3,0,0,0.000569845986,0.000211392755
1,3,0.3,0.3,0.09,0.000978509676,0.000285894955
1,3,0.3,0.44,0.132,0.00129009002,0.000220306019
1,3,0.3,0.58,0.174,0.00139846439,0.000306628749
1,3,0.3,0.72,0.216,0.0016245419,0.00030414129
1,3,0.3,0.86,0.258,0.0018345997,0.000304853491
1,3,0.3,1,0.3,0.00194216988,0.000326791492
1,3,0.44,0,0,0.000717240271,0.000228729565
1,3,0.44,0.3,0.132,0.00105783624,0.000288500195
1,3,0.44,0.44,0.1936,0.00129919359,0.000304453608
1,3,0.44,0.58,0.2552,0.00164873232,0.000281312879
1,3,0.44,0.72,0.3168,0.00171911616,0.00027361304
1,3,0.44,0.86,0.3784,0.00188873863,0.000314542034
1,3,0.44,1,0.44,0.00197211839,0.000326938382
1,3,0.58,0,0,0.000910055933,0.00025921406
1,3,0.58,0.3,0.174,0.0011784345,0.000290266943
1,3,0.58,0.44,0.2552,0.00149776736,0.000292261925
1,3,0.58,0.58,0.3364,0.00187239723,0.000326040485
1,3,0.58,0.72,0.4176,0.00206151359,0.000323053745
1,3,0.58,0.86,0.4988,0.00210194891,0.000312645195
1,3,0.58,1,0.58,0.00222113178,0.000299928039
1,3,0.72,0,0,0.00111300455,0.000222616739
1,3,0.72,0.3,0.216,0.00140226023,0.000302136865
1,3,0.72,0.44,0.3168,0.00168649769,0.000265331215
1,3,0.72,0.58,0.4176,0.00205295687,0.000256609653
1,3,0.72,0.72,0.5184,0.00213662614,0.000285936156
1,3,0.72,0.86,0.6192,0.00235376093,0.000273628889
1,3,0.72,1,0.72,0.00263934949,0.000278468633
1,3,0.86,0,0,0.00126001283,0.000316980979
1,3,0.86,0.3,0.258,0.00155126294,0.000321171962
1,3,0.86,0.44,0.3784,0.00180790016,0.0003046879
1,3,0.86,0.58,0.4988,0.002118805,0.000317369701
1,3,0.86,0.72,0.6192,0.00237331915,0.000279424818
1,3,0.86,0.86,0.7396,0.00243556446,0.000290288238
1,3,0.86,1,0.86,0.00259466797,0.000296558801
1,3,1,0,0,0.00118168348,0.000268634483
1,3,1,0.3,0.3,0.00169267397,0.000263889551
1,3,1,0.44,0.44,0.00192084241,0.00027372298
1,3,1,0.58,0.58,0.00228517851,0.000322159822
1,3,1,0.72,0.72,0.00255365362,0.000304725076
1,3,1,0.86,0.86,0.00264369219,0.000356066809
1,3,1,1,1,0.00276071981,0.000348682746
2,3,0,0,0,0.000225775881,0.000232391675
2,3,0,0.3,0,0.000504866403,0.000238082657
2,3,0,0.44,0,0.000670982528,0.0002592061
2,3,0,0.58,0,0.000977448131,0.000351076005
2,3,0,0.72,0,0.00114600904,0.000306616961
2,3,0,0.86,0,0.00122253698,0.000244347471
2,3,0,1,0,0.00146132089,0.000229522402
2,3,0.3,0,0,0.000626912217,0.00028600112
2,3,0.3,0.3,0.09,0.000901724393,0.000284524948
2,3,0.3,0.44,0.132,0.00117219388,0.000297399801
2,3,0.3,0.58,0.174,0.00134178418,0.000280072462
2,3,0.3,0.72,0.216,0.00165619533,0.000309969796
2,3,0.3,0.86,0.258,0.00173571491,0.000352579726
2,3,0.3,1,0.3,0.00182932412,0.000315067532
2,3,0.44,0,0,0.000643832642,0.000246364933
2,3,0.44,0.3,0.132,0.00103255211,0.000288948898
2,3,0.44,0.44,0.1936,0.00131765809,0.000317059584
2,3,0.44,0.58,0.2552,0.0015942717,0.000264433791
2,3,0.44,0.72,0.3168,0.00175929413,0.0002586158
2,3,0.44,0.86,0.3784,0.00183788084,0.000305202049
2,3,0.44,1,0.44,0.0021099266,0.000322713822
2,3,0.58,0,0,0.000837806354,0.000263874182
2,3,0.58,0.3,0.174,0.00123530772,0.000253656912
2,3,0.58,0.44,0.2552,0.0014816833,0.000262642508
2,3,0.58,0.58,0.3364,0.00182092824,0.000256602985
2,3,0.58,0.72,0.4176,0.00192930263,0.000276019868
2,3,0.58,0.86,0.4988,0.00209667334,0.000329240276
2,3,0.58,1,0.58,0.00232789777,0.000284674897
2,3,0.72,0,0,0.00109103373,0.000297995472
2,3,0.72,0.3,0.216,0.00146743283,0.000280652843
2,3,0.72,0.44,0.3168,0.0016696416,0.000324728786
2,3,0.72,0.58,0.4176,0.00209059357,0.000338412484
2,3,0.72,0.72,0.5184,0.0021090259,0.00031203248
2,3,0.72,0.86,0.6192,0.00231651025,0.000313090246
2,3,0.72,1,0.72,0.00247831589,0.000335940414
2,3,0.86,0,0,0.001219288,0.000290289723
2,3,0.86,0.3,0.258,0.00167150735,0.000310159125
2,3,0.86,0.44,0.3784,0.00178840628,0.000267247741
2,3,0.86,0.58,0.4988,0.00228302324,0.00034158126
2,3,0.86,0.72,0.6192,0.00234485036,0.000295999926
2,3,0.86,0.86,0.7396,0.00255709561,0.000356741394
2,3,0.86,1,0.86,0.00262599972,0.000348146169
2,3,1,0,0,0.00128497529,0.000249977502
2,3,1,0.3,0.3,0.00170541254,0.000336519542
2,3,1,0.44,0.44,0.00210384683,0.000269800928
2,3,1,0.58,0.58,0.00235598053,0.00029121235
2,3,1,0.72,0.72,0.00244013233,0.000303787468
2,3,1,0.86,0.86,0.00279063615,0.000274475855
2,3,1,1,1,0.00299773451,0.000284242701
3,3,0,0,0,0.000261546819,0.000234487371
3,3,0,0.3,0,0.000549547909,0.000259388926
3,3,0,0.44,0,0.000743553788,0.000285841902
3,3,0,0.58,0,0.0009694061,0.000255791924
3,3,0,0.72,0,0.00107134685,0.000309443695
3,3,0,0.86,0,0.0012940467,0.000273405722
3,3,0,1,0,0.00150825417,0.000267667203
3,3,0.3,0,0,0.000670274829,0.000261159775
3,3,0.3,0.3,0.09,0.000940486968,0.000290289259
3,3,0.3,0.44,0.132,0.00116518124,0.000314025615
3,3,0.3,0.58,0.174,0.00154087263,0.000264171081
3,3,0.3,0.72,0.216,0.00153817051,0.000307196867
3,3,0.3,0.86,0.258,0.00165519811,0.000279506491
3,3,0.3,1,0.3,0.00189140859,0.000306100776
3,3,0.44,0,0,0.000720746596,0.000267388418
3,3,0.44,0.3,0.132,0.00106835521,0.000273203242
3,3,0.44,0.44,0.1936,0.00130575589,0.000265365692
3,3,0.44,0.58,0.2552,0.00165523028,0.000290474875
3,3,0.44,0.72,0.3168,0.00168862079,0.000256061138
3,3,0.44,0.86,0.3784,0.00184129066,0.000275273081
3,3,0.44,1,0.44,0.0019827017,0.000308606596
3,3,0.58,0,0,0.000875893399,0.000288097674
3,3,0.58,0.3,0.174,0.00124865749,0.000291241682
3,3,0.58,0.44,0.2552,0.00152771588,0.000269840064
3,3,0.58,0.58,0.3364,0.00176987745,0.000317756192
3,3,0.58,0.72,0.4176,0.00199479691,0.000324782284
3,3,0.58,0.86,0.4988,0.00211034479,0.000273754259
3,3,0.58,1,0.58,0.0023196949,0.000297709914
3,3,0.72,0,0,0.00103583325,0.000279480878
3,3,0.72,0.3,0.216,0.00143610108,0.00021969375
3,3,0.72,0.44,0.3168,0.00182610731,0.000289623736
3,3,0.72,0.58,0.4176,0.00205395408,0.000329853684
3,3,0.72,0.72,0.5184,0.00232458445,0.000299434964
3,3,0.72,0.86,0.6192,0.00225584118,0.000231553831
3,3,0.72,1,0.72,0.00253461009,0.000258903864
3,3,0.86,0,0,0.00116463438,0.000267508952
3,3,0.86,0.3,0.258,0.00147666508,0.000264913941
3,3,0.86,0.44,0.3784,0.00181385126,0.000318044805
3,3,0.86,0.58,0.4988,0.00211291824,0.000284490786
3,3,0.86,0.72,0.6192,0.00237984928,0.000310869913
3,3,0.86,0.86,0.7396,0.00252856249,0.000302129542
3,3,0.86,1,0.86,0.00266987703,0.000307654277
3,3,1,0,0,0.00130408315,0.000264414152
3,3,1,0.3,0.3,0.00163490003,0.000267389369
3,3,1,0.44,0.44,0.00191469831,0.000377480142
3,3,1,0.58,0.58,0.00227877705,0.000282786195
3,3,1,0.72,0.72,0.00248902787,0.000297632286
3,3,1,0.86,0.86,0.00263034241,0.000271210498
3,3,1,1,1,0.00290528333,0.000299203812
4,3,0,0,0,0.000246170463,0.000260872243
4,3,0,0.3,0,0.000484343148,0.000229219174
4,3,0,0.44,0,0.000601885427,0.000316904831
4,3,0,0.58,0,0.000837967195,0.000270557845
4,3,0,0.72,0,0.00117068198,0.000314848324
4,3,0,0.86,0,0.00112107875,0.000254179547
4,3,0,1,0,0.00133740931,0.000287293674
4,3,0.3,0,0,0.000524681959,0.000251773523
4,3,0.3,0.3,0.09,0.000880557775,0.000278563171
4,3,0.3,0.44,0.132,0.00115192797,0.000270006778
4,3,0.3,0.58,0.174,0.0014141946,0.000238591684
4,3,0.3,0.72,0.216,0.00158185481,0.000249865588
4,3,0.3,0.86,0.258,0.00164477565,0.000273811839
4,3,0.3,1,0.3,0.00187458466,0.000275529518
4,3,0.44,0,0,0.000640873176,0.000250703345
4,3,0.44,0.3,0.132,0.000962232611,0.000251148405
4,3,0.44,0.44,0.1936,0.00128310954,0.00028236143
4,3,0.44,0.58,0.2552,0.00152047805,0.000286555216
4,3,0.44,0.72,0.3168,0.00175733188,0.000256350666
4,3,0.44,0.86,0.3784,0.00176042002,0.000281400228
4,3,0.44,1,0.44,0.00204047564,0.000299740439
4,3,0.58,0,0,0.000874284991,0.000224074326
4,3,0.58,0.3,0.174,0.00113089003,0.000276265665
4,3,0.58,0.44,0.2552,0.00143159755,0.000276969884
4,3,0.58,0.58,0.3364,0.00188468545,0.000299258608
4,3,0.58,0.72,0.4176,0.00192586064,0.000401596684
4,3,0.58,0.86,0.4988,0.00201689641,0.000270572395
4,3,0.58,1,0.58,0.00225140198,0.000324330585
4,3,0.72,0,0,0.00108273436,0.00028260212
4,3,0.72,0.3,0.216,0.00137810198,0.000275640149
4,3,0.72,0.44,0.3168,0.00161257536,0.000318022162
4,3,0.72,0.58,0.4176,0.00197987091,0.000265401652
4,3,0.72,0.72,0.5184,0.00207631092,0.000346252388
4,3,0.72,0.86,0.6192,0.0022312004,0.000288070971
4,3,0.72,1,0.72,0.00234674828,0.000334240661
4,3,0.86,0,0,0.00109193444,0.000279531793
4,3,0.86,0.3,0.258,0.00146135306,0.000264218657
4,3,0.86,0.44,0.3784,0.00180127353,0.000280501357
4,3,0.86,0.58,0.4988,0.00209796007,0.000379712884
4,3,0.86,0.72,0.6192,0.00236540579,0.000312369441
4,3,0.86,0.86,0.7396,0.0024926307,0.000276635864
4,3,0.86,1,0.86,0.00270770675,0.000414998894
4,3,1,0,0,0.00118631569,0.000301499453
4,3,1,0.3,0.3,0.00164390711,0.000244185861
4,3,1,0.44,0.44,0.0019264075,0.000256784997
4,3,1,0.58,0.58,0.00231107384,0.000296271601
4,3,1,0.72,0.72,0.00255066199,0.00031826449
4,3,1,0.86,0.86,0.00257372653,0.00031105638
4,3,1,1,1,0.00286880469,0.000281581183
5,3,0,0,0,0.000233464059,0.000244668654
5,3,0,0.3,0,0.000558168962,0.000229929961
5,3,0,0.44,0,0.000703086303,0.000278467914
5,3,0,0.58,0,0.00102106809,0.000282893816
5,3,0,0.72,0,0.00111828012,0.000261250305
5,3,0,0.86,0,0.00115430841,0.000254188179
5,3,0,1,0,0.00138829927,0.000287154244
5,3,0.3,0,0,0.000556785733,0.000218634537
5,3,0.3,0.3,0.09,0.0010257968,0.000288190402
5,3,0.3,0.44,0.132,0.00128568299,0.000272606032
5,3,0.3,0.58,0.174,0.00155953014,0.000312509997
5,3,0.3,0.72,0.216,0.0017022279,0.000253793955
5,3,0.3,0.86,0.258,0.00178013907,0.000289475525
5,3,0.3,1,0.3,0.0019878486,0.000310022715
5,3,0.44,0,0,0.000692631666,0.000244623044
5,3,0.44,0.3,0.132,0.00102894928,0.000282830963
5,3,0.44,0.44,0.1936,0.00126200725,0.000261046023
5,3,0.44,0.58,0.2552,0.00154798179,0.000286472091
5,3,0.44,0.72,0.3168,0.00169881808,0.00030289227
5,3,0.44,0.86,0.3784,0.0019338705,0.000283463818
5,3,0.44,1,0.44,0.00208280888,0.000341856184
5,3,0.58,0,0,0.000905037708,0.000284756043
5,3,0.58,0.3,0.174,0.00125502677,0.000256859556
5,3,0.58,0.44,0.2552,0.00147759795,0.000237677778
5,3,0.58,0.58,0.3364,0.00165693519,0.000313711682
5,3,0.58,0.72,0.4176,0.00193364532,0.000294396574
5,3,0.58,0.86,0.4988,0.00211925536,0.000288240106
5,3,0.58,1,0.58,0.00226211396,0.000275709742
5,3,0.72,0,0,0.00101987787,0.000266130235
5,3,0.72,0.3,0.216,0.00146228594,0.000376151446
5,3,0.72,0.44,0.3168,0.00164680224,0.000405421964
5,3,0.72,0.58,0.4176,0.00195288186,0.000280840533
5,3,0.72,0.72,0.5184,0.00219739171,0.000301546519
5,3,0.72,0.86,0.6192,0.00229785275,0.000372703652
5,3,0.72,1,0.72,0.00252534568,0.000347565624
5,3,0.86,0,0,0.00111593185,0.00027669603
5,3,0.86,0.3,0.258,0.00158581149,0.000326782348
5,3,0.86,0.44,0.3784,0.0018909904,0.000318905394
5,3,0.86,0.58,0.4988,0.00205996952,0.000316001568
5,3,0.86,0.72,0.6192,0.00229656602,0.000275440868
5,3,0.86,0.86,0.7396,0.00255162703,0.000289706986
5,3,0.86,1,0.86,0.00284361705,0.000361541414
5,3,1,0,0,0.00128021441,0.000347072237
5,3,1,0.3,0.3,0.00172638615,0.000285252212
5,3,1,0.44,0.44,0.00182443457,0.000313927682
5,3,1,0.58,0.58,0.0022747882,0.000275919767
5,3,1,0.72,0.72,0.00248436349,0.000341946156
5,3,1,0.86,0.86,0.00275049034,0.000260129711
5,3,1,1,1,0.00282145321,0.000303517732
6,3,0,0,0,0.000169095672,0.00022965439
6,3,0,0.3,0,0.000532402307,0.000293334145
6,3,0,0.44,0,0.000628359781,0.000278676143
6,3,0,0.58,0,0.00103010733,0.000345042888
6,3,0,0.72,0,0.00111663955,0.000273892262
6,3,0,0.86,0,0.00122092857,0.000229086884
6,3,0,1,0,0.00132582879,0.000270862588
6,3,0.3,0,0,0.0005946476,0.000251525008
6,3,0.3,0.3,0.09,0.000943542937,0.000248683276
6,3,0.3,0.44,0.132,0.00105844744,0.000286689528
6,3,0.3,0.58,0.174,0.00128857812,0.000290701331
6,3,0.3,0.72,0.216,0.0015792492,0.000327823329
6,3,0.3,0.86,0.258,0.00173494287,0.000282253566
6,3,0.3,1,0.3,0.00185161663,0.000316183413
6,3,0.44,0,0,0.000611632364,0.000288182718
6,3,0.44,0.3,0.132,0.00100964841,0.000344359223
6,3,0.44,0.44,0.1936,0.00124460431,0.000276571096
6,3,0.44,0.58,0.2552,0.00152051022,0.000281637598
6,3,0.44,0.72,0.3168,0.00166320798,0.000267892223
6,3,0.44,0.86,0.3784,0.00175453326,0.000332807612
6,3,0.44,1,0.44,0.00195275319,0.000359754463
6,3,0.58,0,0,0.000797017187,0.000226211728
6,3,0.58,0.3,0.174,0.00120532704,0.000247663774
6,3,0.58,0.44,0.2552,0.00143446051,0.000306116632
6,3,0.58,0.58,0.3364,0.00165239949,0.000241135495
6,3,0.58,0.72,0.4176,0.00192495993,0.000291481253
6,3,0.58,0.86,0.4988,0.0020182153,0.000252186635
6,3,0.58,1,0.58,0.00217445585,0.000293927922
6,3,0.72,0,0,0.000964034024,0.000233897197
6,3,0.72,0.3,0.216,0.00136903057,0.000251637507
6,3,0.72,0.44,0.3168,0.00155753572,0.000268643494
6,3,0.72,0.58,0.4176,0.00198688355,0.000255836651
6,3,0.72,0.72,0.5184,0.00223232629,0.000300985474
6,3,0.72,0.86,0.6192,0.00229592266,0.000285438369
6,3,0.72,1,0.72,0.00247693266,0.000294494448
6,3,0.86,0,0,0.0011199207,0.000304638345
6,3,0.86,0.3,0.258,0.00151533115,0.000258054647
6,3,0.86,0.44,0.3784,0.00181423728,0.000266802768
6,3,0.86,0.58,0.4988,0.00192907745,0.000329620287
6,3,0.86,0.72,0.6192,0.00226880494,0.000345324143
6,3,0.86,0.86,0.7396,0.00248503902,0.000282662202
6,3,0.86,1,0.86,0.00267470225,0.000309380116
6,3,1,0,0,0.00119876474,0.000272996814
6,3,1,0.3,0.3,0.0016001263,0.000312875775
6,3,1,0.44,0.44,0.00196919109,0.000262648882
6,3,1,0.58,0.58,0.00232487396,0.000310488853
6,3,1,0.72,0.72,0.0024875803,0.000241637766
6,3,1,0.86,0.86,0.00254387451,0.000290856502
6,3,1,1,1,0.00273241186,0.00031960821
7,3,0,0,0,0.000269814023,0.000233668661
7,3,0,0.3,0,0.000624081424,0.000329689214
7,3,0,0.44,0,0.000763305005,0.000188277104
7,3,0,0.58,0,0.000816897081,0.000250747033
7,3,0,0.72,0,0.00106854822,0.000244465497
7,3,0,0.86,0,0.00116386234,0.000259801831
7,3,0,1,0,0.00128832077,0.000314093688
7,3,0.3,0,0,0.000519985416,0.000260079956
7,3,0.3,0.3,0.09,0.00103184441,0.000269210125
7,3,0.3,0.44,0.132,0.00117122884,0.000238807422
7,3,0.3,0.58,0.174,0.00138636918,0.000288023986
7,3,0.3,0.72,0.216,0.0016201027,0.000276348699
7,3,0.3,0.86,0.258,0.00170129502,0.000283414927
7,3,0.3,1,0.3,0.00192216131,0.000339191541
7,3,0.44,0,0,0.000668827265,0.00028486893
7,3,0.44,0.3,0.132,0.00108173715,0.000258709066
7,3,0.44,0.44,0.1936,0.00123800984,0.000273945433
7,3,0.44,0.58,0.2552,0.00153035366,0.000335832616
7,3,0.44,0.72,0.3168,0.00169630896,0.0002304274
7,3,0.44,0.86,0.3784,0.00188114696,0.000239864098
7,3,0.44,1,0.44,0.00201515933,0.000280715396
7,3,0.58,0,0,0.000835039897,0.000301776818
7,3,0.58,0.3,0.174,0.00120819,0.000260685379
7,3,0.58,0.44,0.2552,0.00149628763,0.00027982824
7,3,0.58,0.58,0.3364,0.00182459541,0.000284281842
7,3,0.58,0.72,0.4176,0.00194245939,0.000269451053
7,3,0.58,0.86,0.4988,0.00200100536,0.00025108549
7,3,0.58,1,0.58,0.00228321625,0.000296147341
7,3,0.72,0,0,0.00109000435,0.000263072353
7,3,0.72,0.3,0.216,0.00136494522,0.00028168933
7,3,0.72,0.44,0.3168,0.00179754203,0.000347265385
7,3,0.72,0.58,0.4176,0.00194812098,0.000327026
7,3,0.72,0.72,0.5184,0.00224837818,0.000304613185
7,3,0.72,0.86,0.6192,0.00232310472,0.000323769289
7,3,0.72,1,0.72,0.00260325686,0.000312990442
7,3,0.86,0,0,0.00112490676,0.000228569109
7,3,0.86,0.3,0.258,0.00150986257,0.000281140376
7,3,0.86,0.44,0.3784,0.00181909466,0.000274308716
7,3,0.86,0.58,0.4988,0.00213453521,0.000336565067
7,3,0.86,0.72,0.6192,0.00236325053,0.000261794729
7,3,0.86,0.86,0.7396,0.00248645442,0.000328904342
7,3,0.86,1,0.86,0.00254586894,0.000311685883
7,3,1,0,0,0.00122691184,0.0002605984
7,3,1,0.3,0.3,0.00171795811,0.000278148376
7,3,1,0.44,0.44,0.00195403991,0.0003259022
7,3,1,0.58,0.58,0.00218333425,0.000315136931
7,3,1,0.72,0.72,0.00249082929,0.000327188075
7,3,1,0.86,0.86,0.00261818287,0.000308663917
7,3,1,1,1,0.00290319241,0.000332717398
8,3,0,0,0,0.000210560366,0.000251887183
8,3,0,0.3,0,0.000483442441,0.000225105465
8,3,0,0.44,0,0.000645634056,0.000255273115
8,3,0,0.58,0,0.000877533972,0.00025617236
8,3,0,0.72,0,0.00105944465,0.000307076033
8,3,0,0.86,0,0.00111947035,0.000289101461
8,3,0,1,0,0.00128278786,0.000291837341
8,3,0.3,0,0,0.000500362869,0.000277895795
8,3,0.3,0.3,0.09,0.000852346341,0.000282145736
8,3,0.3,0.44,0.132,0.00110052333,0.00023358295
8,3,0.3,0.58,0.174,0.0013437786,0.000325498043
8,3,0.3,0.72,0.216,0.001619395,0.000235408858
8,3,0.3,0.86,0.258,0.00159169826,0.00025657752
8,3,0.3,1,0.3,0.00191794728,0.00026912049
8,3,0.44,0,0,0.000679410574,0.000295808963
8,3,0.44,0.3,0.132,0.000989897187,0.00023419979
8,3,0.44,0.44,0.1936,0.00116913791,0.000268347968
8,3,0.44,0.58,0.2552,0.00148782741,0.000253077585
8,3,0.44,0.72,0.3168,0.0016504694,0.000293998262
8,3,0.44,0.86,0.3784,0.00180111269,0.00027172877
8,3,0.44,1,0.44,0.00207354446,0.000333863036
8,3,0.58,0,0,0.000861353413,0.000303754979
8,3,0.58,0.3,0.174,0.00114781045,0.000273861232
8,3,0.58,0.44,0.2552,0.00143783817,0.000318399561
8,3,0.58,0.58,0.3364,0.00171692873,0.000284301316
8,3,0.58,0.72,0.4176,0.0018235017,0.000306569295
8,3,0.58,0.86,0.4988,0.00206682133,0.000294286193
8,3,0.58,1,0.58,0.00230991579,0.0002703592
8,3,0.72,0,0,0.000828541938,0.000265538554
8,3,0.72,0.3,0.216,0.00131788327,0.000278882762
8,3,0.72,0.44,0.3168,0.00162109991,0.000316343573
8,3,0.72,0.58,0.4176,0.00182108909,0.000270807708
8,3,0.72,0.72,0.5184,0.00205520864,0.000283035456
8,3,0.72,0.86,0.6192,0.00222489545,0.000278602673
8,3,0.72,1,0.72,0.00261863322,0.000267893614
8,3,0.86,0,0,0.00122266565,0.000228786287
8,3,0.86,0.3,0.258,0.00150330028,0.000312663432
8,3,0.86,0.44,0.3784,0.00161003408,0.000278738665
8,3,0.86,0.58,0.4988,0.00206234996,0.000295249981
8,3,0.86,0.72,0.6192,0.00235774978,0.000263462538
8,3,0.86,0.86,0.7396,0.00243533928,0.000269388543
8,3,0.86,1,0.86,0.0026520559,0.000304950979
8,3,1,0,0,0.00119329616,0.000278711593
8,3,1,0.3,0.3,0.00159099056,0.000290905589
8,3,1,0.44,0.44,0.00194725244,0.000289730306
8,3,1,0.58,0.58,0.0021727831,0.000300743815
8,3,1,0.72,0.72,0.00240519775,0.000338220345
8,3,1,0.86,0.86,0.00264124741,0.000287365564
8,3,1,1,1,0.00284204081,0.000330381571
9,3,0,0,0,0.00014191362,0.000246417298
9,3,0,0.3,0,0.000435672799,0.000269757095
9,3,0,0.44,0,0.000707171653,0.000275941493
9,3,0,0.58,0,0.000959369648,0.000221774058
9,3,0,0.72,0,0.00108318471,0.000238544745
9,3,0,0.86,0,0.00112194729,0.000286359838
9,3,0,1,0,0.00131067761,0.000260342769
9,3,0.3,0,0,0.00046047441,0.000223770814
9,3,0.3,0.3,0.09,0.000898411078,0.000310989242
9,3,0.3,0.44,0.132,0.00113352781,0.000291623735
9,3,0.3,0.58,0.174,0.00134593386,0.000303239159
9,3,0.3,0.72,0.216,0.00153591874,0.000230950973
9,3,0.3,0.86,0.258,0.00168855645,0.000271602164
9,3,0.3,1,0.3,0.00191218919,0.000252449742
9,3,0.44,0,0,0.000721679473,0.000306139131
9,3,0.44,0.3,0.132,0.000994304221,0.000323294471
9,3,0.44,0.44,0.1936,0.00124997638,0.000264904553
9,3,0.44,0.58,0.2552,0.00159977245,0.000313436515
9,3,0.44,0.72,0.3168,0.0017911084,0.000294420204
9,3,0.44,0.86,0.3784,0.00190015832,0.000324352096
9,3,0.44,1,0.44,0.00218291606,0.000249368032
9,3,0.58,0,0,0.000831983925,0.000255977403
9,3,0.58,0.3,0.174,0.00126930942,0.000287682751
9,3,0.58,0.44,0.2552,0.00157554986,0.000299332859
9,3,0.58,0.58,0.3364,0.00168723756,0.000290436351
9,3,0.58,0.72,0.4176,0.00194130134,0.000295839744
9,3,0.58,0.86,0.4988,0.00197034915,0.000317334322
9,3,0.58,1,0.58,0.00224747747,0.000279448528
9,3,0.72,0,0,0.00102843459,0.000256231639
9,3,0.72,0.3,0.216,0.00139373568,0.000249397004
9,3,0.72,0.44,0.3168,0.00160536971,0.000368885967
9,3,0.72,0.58,0.4176,0.00199479691,0.000274898275
9,3,0.72,0.72,0.5184,0.00220848971,0.000289931115
9,3,0.72,0.86,0.6192,0.00233970347,0.000309293094
9,3,0.72,1,0.72,0.00253898496,0.000306122489
9,3,0.86,0,0,0.00108398892,0.000208931671
9,3,0.86,0.3,0.258,0.00147994623,0.000288935034
9,3,0.86,0.44,0.3784,0.00175681719,0.000302520452
9,3,0.86,0.58,0.4988,0.00202352304,0.000303677411
9,3,0.86,0.72,0.6192,0.00232667538,0.000357660248
9,3,0.86,0.86,0.7396,0.00236810791,0.000301935065
9,3,0.86,1,0.86,0.00266090213,0.000294744123
9,3,1,0,0,0.00122752304,0.000268121724
9,3,1,0.3,0.3,0.00172953863,0.000325459939
9,3,1,0.44,0.44,0.00190987309,0.000306828255
9,3,1,0.58,0.58,0.00231673543,0.000355064343
9,3,1,0.72,0.72,0.0025126071,0.000229940832
9,3,1,0.86,0.86,0.00256233901,0.00029381082
9,3,1,1,1,0.00291435474,0.00027631823
10,3,0,0,0,0.000191709854,0.000268950181
10,3,0,0.3,0,0.000450534465,0.000238916609
10,3,0,0.44,0,0.000673362969,0.000303094576
10,3,0,0.58,0,0.000885447327,0.000239992225
10,3,0,0.72,0,0.00104886134,0.000253504729
10,3,0,0.86,0,0.00117190437,0.000312403019
10,3,0,1,0,0.00117486384,0.000258547615
10,3,0.3,0,0,0.000511428697,0.000208232433
10,3,0.3,0.3,0.09,0.00091999588,0.000275820813
10,3,0.3,0.44,0.132,0.0011600665,0.000257408935
10,3,0.3,0.58,0.174,0.00130440483,0.000319433842
10,3,0.3,0.72,0.216,0.00150127369,0.000313411391
10,3,0.3,0.86,0.258,0.00164741343,0.000289078169
10,3,0.3,1,0.3,0.00188285187,0.000282017936
10,3,0.44,0,0,0.00068304557,0.000272532476
10,3,0.44,0.3,0.132,0.00102563596,0.000261880277
10,3,0.44,0.44,0.1936,0.00123887838,0.000264976329
10,3,0.44,0.58,0.2552,0.00136745433,0.000303504717
10,3,0.44,0.72,0.3168,0.0015696631,0.000325044912
10,3,0.44,0.86,0.3784,0.00169106556,0.00026675981
10,3,0.44,1,0.44,0.00186503073,0.000276338185
10,3,0.58,0,0,0.000861160404,0.000282663227
10,3,0.58,0.3,0.174,0.00123312029,0.000310140681
10,3,0.58,0.44,0.2552,0.00139392869,0.000260379315
10,3,0.58,0.58,0.3364,0.00168868512,0.000289374501
10,3,0.58,0.72,0.4176,0.00199231997,0.000321957472
10,3,0.58,0.86,0.4988,0.0020085327,0.000299237513
10,3,0.58,1,0.58,0.00207335145,0.000276563302
10,3,0.72,0,0,0.000974006142,0.000310248012
10,3,0.72,0.3,0.216,0.0013326806,0.000261882768
10,3,0.72,0.44,0.3168,0.00162341602,0.000362402611
10,3,0.72,0.58,0.4176,0.0018303535,0.000290489599
10,3,0.72,0.72,0.5184,0.00217332996,0.000278113167
10,3,0.72,0.86,0.6192,0.00221749679,0.000307142793
10,3,0.72,1,0.72,0.00252721143,0.00033119207
10,3,0.86,0,0,0.00114613771,0.00029731591
10,3,0.86,0.3,0.258,0.00141129947,0.000281199016
10,3,0.86,0.44,0.3784,0.0016992041,0.000251756577
10,3,0.86,0.58,0.4988,0.0020765361,0.000267674086
10,3,0.86,0.72,0.6192,0.0022674217,0.000294618408
10,3,0.86,0.86,0.7396,0.00250543361,0.000250662929
10,3,0.86,1,0.86,0.00260882195,0.000387637933
10,3,1,0,0,0.00122189362,0.00030591327
10,3,1,0.3,0.3,0.00165613099,0.000300444543
10,3,1,0.44,0.44,0.00193567191,0.00028230335
10,3,1,0.58,0.58,0.00223194028,0.000392789332
10,3,1,0.72,0.72,0.00251833303,0.000310225008
10,3,1,0.86,0.86,0.00256928733,0.000314528667
10,3,1,1,1,0.00278880257,0.00027855879
11,3,0,0,0,0.000177041198,0.000318016216
11,3,0,0.3,0,0.000496438359,0.000274013719
11,3,0,0.44,0,0.000591848975,0.000250060356
11,3,0,0.58,0,0.000949590543,0.000262474062
11,3,0,0.72,0,0.00104252422,0.00030918475
11,3,0,0.86,0,0.00117544286,0.000259013993
11,3,0,1,0,0.0013015097,0.000252584805
11,3,0.3,0,0,0.000530343547,0.000240928495
11,3,0.3,0.3,0.09,0.00095882279,0.000231777218
11,3,0.3,0.44,0.132,0.00111001292,0.000310350949
11,3,0.3,0.58,0.174,0.0013793887,0.000312267857
11,3,0.3,0.72,0.216,0.00165793241,0.000335724246
11,3,0.3,0.86,0.258,0.00166703598,0.00031537127
11,3,0.3,1,0.3,0.00187657909,0.00030272289
11,3,0.44,0,0,0.000660656564,0.000248991105
11,3,0.44,0.3,0.132,0.00107948538,0.000299872552
11,3,0.44,0.44,0.1936,0.00128777391,0.00027809101
11,3,0.44,0.58,0.2552,0.00150358979,0.00028357375
11,3,0.44,0.72,0.3168,0.0017777908,0.000349927001
11,3,0.44,0.86,0.3784,0.00178042859,0.000218064796
11,3,0.44,1,0.44,0.00197427365,0.000285363604
11,3,0.58,0,0,0.000850770102,0.00023236565
11,3,0.58,0.3,0.174,0.00123164056,0.00027270911
11,3,0.58,0.44,0.2552,0.0015000513,0.000243335836
11,3,0.58,0.58,0.3364,0.00174082964,0.000263225183
11,3,0.58,0.72,0.4176,0.00185907963,0.000317334072
11,3,0.58,0.86,0.4988,0.00208290539,0.000313902272
11,3,0.58,1,0.58,0.00238933887,0.000310433271
11,3,0.72,0,0,0.000953643726,0.000304612827
11,3,0.72,0.3,0.216,0.00135580947,0.000218406181
11,3,0.72,0.44,0.3168,0.0016969845,0.00030002644
11,3,0.72,0.58,0.4176,0.00192296551,0.000338786584
11,3,0.72,0.72,0.5184,0.00209159078,0.000288126635
11,3,0.72,0.86,0.6192,0.00229087226,0.00023981089
11,3,0.72,1,0.72,0.0024292595,0.000254521696
11,3,0.86,0,0,0.00109840023,0.000272615979
11,3,0.86,0.3,0.258,0.00158716255,0.000351717777
11,3,0.86,0.44,0.3784,0.00179422871,0.000249868328
11,3,0.86,0.58,0.4988,0.00218021394,0.000302187401
11,3,0.86,0.72,0.6192,0.00227797285,0.000321964805
11,3,0.86,0.86,0.7396,0.00243038539,0.000288447931
11,3,0.86,1,0.86,0.00273855597,0.000293130429
11,3,1,0,0,0.00125354704,0.000324363596
11,3,1,0.3,0.3,0.0017193735,0.00023279686
11,3,1,0.44,0.44,0.00190286044,0.0002839315
11,3,1,0.58,0.58,0.00222534581,0.000267633267
11,3,1,0.72,0.72,0.00256481596,0.000311907237
11,3,1,0.86,0.86,0.00257755453,0.000292254955
11,3,1,1,1,0.00285259195,0.000255698343
12,3,0,0,0,0.000152818611,0.000309913768
12,3,0,0.3,0,0.000498915305,0.000307016233
12,3,0,0.44,0,0.000723866903,0.000274221574
12,3,0,0.58,0,0.000901209703,0.000281659514
12,3,0,0.72,0,0.00114813213,0.000248966658
12,3,0,0.86,0,0.00119162342,0.000289449306
12,3,0,1,0,0.00127146468,0.000281902082
12,3,0.3,0,0,0.000532498811,0.000271540577
12,3,0.3,0.3,0.09,0.000959948675,0.000273453747
12,3,0.3,0.44,0.132,0.0011813618,0.000291095548
12,3,0.3,0.58,0.174,0.00139717767,0.000235285547
12,3,0.3,0.72,0.216,0.0016497617,0.000296671995
12,3,0.3,0.86,0.258,0.0017429849,0.00025823588
12,3,0.3,1,0.3,0.00194532235,0.000332221703
12,3,0.44,0,0,0.00066499926,0.000277896752
12,3,0.44,0.3,0.132,0.00103097587,0.000279088112
12,3,0.44,0.44,0.1936,0.00125544496,0.000261605522
12,3,0.44,0.58,0.2552,0.00153614392,0.000301692494
12,3,0.44,0.72,0.3168,0.001737838,0.000271024871
12,3,0.44,0.86,0.3784,0.00192643967,0.000355158645
12,3,0.44,1,0.44,0.00187870218,0.000254352156
12,3,0.58,0,0,0.000840894495,0.000332568302
12,3,0.58,0.3,0.174,0.00112944246,0.000326624493
12,3,0.58,0.44,0.2552,0.00159021852,0.000282033225
12,3,0.58,0.58,0.3364,0.00175807175,0.000263532247
12,3,0.58,0.72,0.4176,0.0020269972,0.000255262167
12,3,0.58,0.86,0.4988,0.00192811241,0.000290026579
12,3,0.58,1,0.58,0.00223663682,0.000272153725
12,3,0.72,0,0,0.00100559523,0.000223606273
12,3,0.72,0.3,0.216,0.00136127805,0.000283789238
12,3,0.72,0.44,0.3168,0.00170901537,0.000282568497
12,3,0.72,0.58,0.4176,0.00192875577,0.00023978022
12,3,0.72,0.72,0.5184,0.00222473461,0.00027985871
12,3,0.72,0.86,0.6192,0.0022495684,0.000292838941
12,3,0.72,1,0.72,0.00264822789,0.000308234274
12,3,0.86,0,0,0.00118058976,0.000249482072
12,3,0.86,0.3,0.258,0.00159253463,0.000294105072
12,3,0.86,0.44,0.3784,0.00181886949,0.000270367857
12,3,0.86,0.58,0.4988,0.00214408914,0.00029101159
12,3,0.86,0.72,0.6192,0.00223258363,0.00032028494
12,3,0.86,0.86,0.7396,0.00239770258,0.00033143051
12,3,0.86,1,0.86,0.00263462078,0.0002997599
12,3,1,0,0,0.00131810844,0.000225757143
12,3,1,0.3,0.3,0.00156889106,0.000291926382
12,3,1,0.44,0.44,0.0019863367,0.000270245206
12,3,1,0.58,0.58,0.00222492762,0.000260295135
12,3,1,0.72,0.72,0.00251318613,0.000332523853
12,3,1,0.86,0.86,0.00267029522,0.000337506083
12,3,1,1,1,0.00285580877,0.000314308074
13,3,0,0,0,0.000202582675,0.000249481754
13,3,0,0.3,0,0.00050338667,0.000245778367
13,3,0,0.44,0,0.00065171383,0.00027546589
13,3,0,0.58,0,0.000932991799,0.00031185155
13,3,0,0.72,0,0.00107469233,0.000267546838
13,3,0,0.86,0,0.00113208025,0.000284288836
13,3,0,1,0,0.00132257981,0.000298005619
13,3,0.3,0,0,0.000579528589,0.000272378053
13,3,0.3,0.3,0.09,0.000831179723,0.00026058436
13,3,0.3,0.44,0.132,0.00107211888,0.000295194571
13,3,0.3,0.58,0.174,0.00127998923,0.000235733403
13,3,0.3,0.72,0.216,0.00149245963,0.000352376837
13,3,0.3,0.86,0.258,0.00165375055,0.000262017906
13,3,0.3,1,0.3,0.00191299339,0.00031453301
13,3,0.44,0,0,0.000623566733,0.00029659811
13,3,0.44,0.3,0.132,0.000973909635,0.000235951514
13,3,0.44,0.44,0.1936,0.00120680677,0.0002565106
13,3,0.44,0.58,0.2552,0.00152430606,0.000299020228
13,3,0.44,0.72,0.3168,0.00161810828,0.000280436947
13,3,0.44,0.86,0.3784,0.00175900462,0.000266716988
13,3,0.44,1,0.44,0.00199363886,0.000327467792
13,3,0.58,0,0,0.000748958029,0.000257703254
13,3,0.58,0.3,0.174,0.00106475239,0.00029075768
13,3,0.58,0.44,0.2552,0.0014519278,0.000264327765
13,3,0.58,0.58,0.3364,0.00179818539,0.000287796183
13,3,0.58,0.72,0.4176,0.00186760418,0.000273103507
13,3,0.58,0.86,0.4988,0.00206363668,0.000275393434
13,3,0.58,1,0.58,0.00230811437,0.000321086941
13,3,0.72,0,0,0.000837195161,0.0003005817
13,3,0.72,0.3,0.216,0.00132988198,0.000301032881
13,3,0.72,0.44,0.3168,0.00157793031,0.00033432762
13,3,0.72,0.58,0.4176,0.00186104189,0.000295665582
13,3,0.72,0.72,0.5184,0.00218355942,0.000247707294
13,3,0.72,0.86,0.6192,0.00228411696,0.00028139841
13,3,0.72,1,0.72,0.00244428202,0.000280728828
13,3,0.86,0,0,0.00109135542,0.000305327518
13,3,0.86,0.3,0.258,0.00144227736,0.000293011966
13,3,0.86,0.44,0.3784,0.00179699517,0.000247180627
13,3,0.86,0.58,0.4988,0.00205424359,0.000266829601
13,3,0.86,0.72,0.6192,0.00231117034,0.000287182965
13,3,0.86,0.86,0.7396,0.00246741089,0.000314615703
13,3,0.86,1,0.86,0.00256089145,0.000300582086
13,3,1,0,0,0.00119307099,0.000268945455
13,3,1,0.3,0.3,0.00151748642,0.000322717821
13,3,1,0.44,0.44,0.00191791511,0.000287577456
13,3,1,0.58,0.58,0.00215010458,0.000305799271
13,3,1,0.72,0.72,0.00249542933,0.000315022865
13,3,1,0.86,0.86,0.00249649087,0.000270255457
13,3,1,1,1,0.00289376715,0.000279987029
14,3,0,0,0,0.000125990407,0.000249178871
14,3,0,0.3,0,0.000520725283,0.000286994849
14,3,0,0.44,0,0.000691891799,0.000236535363
14,3,0,0.58,0,0.000888278121,0.00025496336
14,3,0,0.72,0,0.00100353647,0.000303360515
14,3,0,0.86,0,0.0012199957,0.000294263517
14,3,0,1,0,0.00131328323,0.000306155617
14,3,0.3,0,0,0.000462147152,0.00022505905
14,3,0.3,0.3,0.09,0.000857525408,0.000307377871
14,3,0.3,0.44,0.132,0.00106475239,0.000298305371
14,3,0.3,0.58,0.174,0.0013259253,0.00029485043
14,3,0.3,0.72,0.216,0.00156277912,0.000371654121
14,3,0.3,0.86,0.258,0.00172554978,0.000273257686
14,3,0.3,1,0.3,0.00182491709,0.000279389067
14,3,0.44,0,0,0.000565374621,0.000301044205
14,3,0.44,0.3,0.132,0.000929517641,0.000258459322
14,3,0.44,0.44,0.1936,0.00122935662,0.000260725642
14,3,0.44,0.58,0.2552,0.00136021651,0.000302234209
14,3,0.44,0.72,0.3168,0.00151131014,0.00025147612
14,3,0.44,0.86,0.3784,0.00169926843,0.000279315094
14,3,0.44,1,0.44,0.00203513573,0.000348947718
14,3,0.58,0,0,0.000734836229,0.000260201958
14,3,0.58,0.3,0.174,0.00107327694,0.000295786488
14,3,0.58,0.44,0.2552,0.00129906492,0.000253744878
14,3,0.58,0.58,0.3364,0.00162975314,0.000256208152
14,3,0.58,0.72,0.4176,0.00180568056,0.000308473899
14,3,0.58,0.86,0.4988,0.00195063009,0.000227329624
14,3,0.58,1,0.58,0.00207479902,0.000285320226
14,3,0.72,0,0,0.000879174546,0.000276970012
14,3,0.72,0.3,0.216,0.00131440911,0.000245258345
14,3,0.72,0.44,0.3168,0.00154190202,0.000328972997
14,3,0.72,0.58,0.4176,0.00184396062,0.00029422207
14,3,0.72,0.72,0.5184,0.00197050998,0.000260024454
14,3,0.72,0.86,0.6192,0.00214067932,0.000307068598
14,3,0.72,1,0.72,0.00226529861,0.000294464771
14,3,0.86,0,0,0.00109865758,0.000243392316
14,3,0.86,0.3,0.258,0.00135368638,0.000305987971
14,3,0.86,0.44,0.3784,0.00171770076,0.000240984781
14,3,0.86,0.58,0.4988,0.00196233928,0.000284060479
14,3,0.86,0.72,0.6192,0.00222853046,0.000414049067
14,3,0.86,0.86,0.7396,0.00234333846,0.000293349284
14,3,0.86,1,0.86,0.00267984915,0.00035943292
14,3,1,0,0,0.00121047394,0.000368665716
14,3,1,0.3,0.3,0.0014535362,0.000292177512
14,3,1,0.44,0.44,0.0019560665,0.00031963876
14,3,1,0.58,0.58,0.00222013457,0.00031045846
14,3,1,0.72,0.72,0.00235929385,0.000304645374
14,3,1,0.86,0.86,0.00242034894,0.000324957029
14,3,1,1,1,0.00280556216,0.000305891409
